{
  "name": "robot_api",
  "move_joints": {
    
    "home":[
      359.9905090332031,
      343.925537109375,
      75.14559936523438,
      359.906982421875,
      299.9882507324219,
      0.015899658203125
    ],

    "drop":[


    ],
    "Paracetamol": [286.6842346191406,
                    274.3876647949219,
                    5.904998779296875,
                    84.1513671875,
                    63.31951904296875,
                    291.2318115234375
    ],

    "Dipirona": [286.6842346191406,
                 274.3876647949219,
                 5.904998779296875,
                 84.1513671875,
                 63.31951904296875,
                 291.2318115234375
    ],

    "medicine4":[
      88.72714233398438,
      282.7728576660156,
      26.508544921875,
      273.730224609375,
      308.46240234375,
      270.4268798828125
    ],

    "medicine3":[
      97.822509765625,
      283.3356018066406,
      28.12652587890625,
      273.7291564941406,
      308.46282958984375,
      270.426025390625
    ],

    "medicine2":[
      108.30517578125,
      281.6819152832031,
      25.98162841796875,
      266.9510498046875,
      309.1780700683594,
      290.916259765625],

    "medicine1":[
      117.04794311523438,
      274.525634765625,
      12.797439575195312,
      262.4931640625,
      305.0887145996094,
      300.89593505859375
    ],

    "medicine1_2_safe":[286.6093444824219,
                        280.59716796875,
                        6.0083465576171875,
                        84.48367309570312,
                        69.11552429199219,
                        290.4697265625],

    "medicine3_4_safe":[
      96.74273681640625,
      306.4106140136719,
      23.806747436523438,
      262.167236328125,
      297.7659912109375,
      285.04119873046875],

    "place" : [346.38067626953125,
               297.4915771484375,
               55.40327453613281,
               83.41448974609375,
               56.1964111328125,
               272.1422424316406],

    "place_safety" : [346.3750915527344,
                      306.884765625,
                      49.223663330078125,
                      84.2083740234375,
                      71.70930480957031,
                      270.2439880371094]
    
  }
}
