{
    "quadrante1":[88.112, 327.125, 138.133, 236.530, 84.188, 94.708],
    "quadrante2":[120.659, 327.020, 115.204, 335.203, 75.334, 62.472],
    "quadrante3":[29.912, 328.817, 141.917, 240.411, 83.758, 93.638],
    "quadrante4":[52.41, 325.34, 118.28, 325.36, 73.07, 70.14],
    "quadrante5":[328.119, 324.928, 133.002, 236.064, 79.148, 97.272],
    "quadrante6":[356.199, 321.580, 116.217, 327.198, 78.107, 70.137],
    "quadrante7":[269.163, 320.593, 128.365, 238.034, 81.834, 96.603],
    "quadrante8":[295.354, 330.131, 118.076, 328.100, 70.972, 64.968],
    "drop"      :[149.106, 301.190, 57.375, 268.44, 302.820, 84.343],
    "drop_prototipo" : [0.22207, 0.40132, 0.05755, -2.62604, 177.13246, 1.34048],
    "drop_safe":[70.73, 312.596, 36.748, 268.172, 267.992, 69.122],
    "pos_drop":[268.70, 330.18, 73.45, 86.18, 0, 4.45],
    "home": [10.291,42.895,106.288,267.739,332.335,92.869],
    "pos_home": [8.789, 340.573, 144.698, 269.934, 71.139, 90.942],
    "pos_rec": [261, 346.287, 68.557, 271.954, 269.231, 256.788],
    
    "4":
    {
        "seguranca_pegar":[352.14, 324.20, 115.96, 141.47, 287.54, 248.85],
        "rotacao":[352.14, 324.20, 115.96, 141.47, 287.54, 68.85],
        "pegar":[0.511, -0.330, 0.292, 90.631, 179.573, 31.223],
        "recuo_superior":[45.17, 291.44, 54.50, 331.77, 53.17, 221.48],
        "recuo_normal":[51.77, 297.90, 71.12, 331.79, 62.58, 229.08],
        "drop_security":[62.55, 297.90, 71.12, 331.79, 62.58, 229.08]
    },

    "5":
    {
        "seguranca_pegar":[351.64, 294.08, 109.09, 137.81, 272.28, 267.02],
        "rotacao":[351.64, 294.08, 109.09, 137.81, 272.28, 87.02],
        "pegar":[0.511, -0.330, 0.137, 90.919, 179.277, 31.586],
        "recuo_superior":[36.67, 312.90, 77.84, 141.29, 310.81, 53.54],
        "recuo_normal":[45.83, 324.30, 99.27, 144.53, 299.14, 58.10],
        "drop_security":[62.55, 324.30, 99.27, 144.53, 299.14, 58.10]
    },

    "1":
    {
        "seguranca_pegar":[285.48, 337.38, 133.25, 72.80, 291.72, 278.90],
        "rotacao":[285.48, 337.38, 133.25, 72.80, 291.72, 98.90],
        "pegar":[0.277, -0.479, 0.289, 91.170, 178.040, 31.513],
        "recuo_superior":[328.10, 316.73, 86.96, 230.39, 47.53, 299.68],
        "recuo_normal":[307.29, 337.87, 122.30, 215.50, 67.54, 298.93],
        "drop_security":[62.55, 337.87, 122.30, 215.50, 67.54, 298.93]
    },

    "2":
    {
        "seguranca_pegar":[284.75, 291.52, 128.84, 69.89, 252.21, 265.07],
        "rotacao":[284.75, 291.52, 128.84, 69.89, 252.21, 85.07],
        "pegar":[0.278, -0.482, 0.138, 91.205, 179.043, 33.878],
        "recuo_superior":[329.65, 293.51, 80.32, 239.20, 60.83, 286.74],
        "recuo_normal":[315.38, 303.72, 112.60, 228.68, 81.60, 277.89],
        "drop_security":[62.55, 303.63, 112.65, 228.68, 81.49, 277.88]
    },
    
    "6":
    {
        "seguranca_pegar":[241.27, 320.67, 87.35, 19.95, 292.73, 321.03],
        "rotacao":[241.27, 320.67, 87.35, 19.95, 292.73, 141.03],
        "pegar":[0.039, -0.623, 0.288, 92.635, -175.439, 31.803],
        "recuo_superior":[329.65, 293.51, 80.32, 239.20, 60.83, 286.74],
        "recuo_normal":[315.38, 303.72, 112.60, 228.68, 81.60, 277.89],
        "drop_security":[62.55, 303.63, 112.65, 228.68, 81.49, 277.88]
    }, 
    
    "3":
    {
        "seguranca_pegar":[239.69, 292.42, 78.48, 22.57, 282.96, 302.03],
        "rotacao":[239.69, 292.42, 78.48, 22.57, 282.96, 122.03],
        "pegar":[0.039, -0.625, 0.144, 91.029, 178.901, 32.692],
        "recuo_superior":[329.65, 293.51, 80.32, 239.20, 60.83, 286.74],
        "recuo_normal":[315.38, 303.72, 112.60, 228.68, 81.60, 277.89],
        "drop_security":[62.55, 303.63, 112.65, 228.68, 81.49, 277.88]
    }
}