{
  "front_wall_Q5_T5": [0.56135, -0.16618, 0.43025, 90.58117, -0.01318, 88.25184],
  "front_wall_Q5_T5_recoil": [0.50766, -0.17697, 0.57579, 91.79984, -0.77235, 89.48103],

  "front_wall_torre6": [0.592, -0.17642, 0.46008, 91.87366, -0.75208, 89.48915],
  "front_wall_torre6_recoil": [0.53675, -0.27504, 0.48373, 91.79629, -0.8422, 89.40081],

} 
